Customer ID,Umur,Income,Product_holding,Saving,Deposit,KK,Tab Bisnis,Limit Kredit Mortgage,,,,
1234561175,27,48456121,3,45149155,22079895,856297,0,4379499411,1,1,1,0
1234561810,53,34870604,3,3884779,0,599572,17479146,5590710218,1,0,1,1
1234561778,52,19423557,2,19406530,0,2743516,0,5062479210,1,0,1,0
1234561915,40,47042967,4,16639872,18639840,4534694,18489681,793484760,1,1,1,1
1234561363,55,41072996,2,19249501,0,0,11176695,5104873527,1,0,0,1
1234561836,49,18697037,2,18896752,18926176,0,0,4063897759,1,1,0,0
1234561944,32,48011377,1,10962151,0,0,0,2234146590,1,0,0,0
1234561830,45,19183240,3,27508129,24001866,0,12135457,5304920824,1,1,0,1
1234561621,33,15244193,4,26040821,17599716,2003089,13794361,4164457839,1,1,1,1
1234561498,39,47215186,3,6730897,0,2670910,14794262,2041336065,1,0,1,1
1234561169,43,33863309,3,1226221,0,870942,11825330,1812755789,1,0,1,1
1234561815,35,19007767,3,37463563,0,2636203,16411518,5466875842,1,0,1,1
1234561919,52,28737631,3,9853362,29494291,3917712,0,1006467840,1,1,1,0
1234561095,35,18372633,2,26752329,0,4204077,0,2303015102,1,0,1,0
1234561624,35,20065745,2,21770917,0,2041011,0,4149916495,1,0,1,0
1234561850,31,19901866,2,48871616,0,1450620,0,2302324092,1,0,1,0
1234561891,25,43474890,2,34422041,0,0,16782180,2202607996,1,0,0,1
1234561009,32,22717385,3,1378423,0,1992980,11041308,2344508471,1,0,1,1
1234561809,33,16709263,2,8037815,0,4481486,0,2013791077,1,0,1,0
1234561832,38,44909397,3,12493276,28217465,0,18376245,4713796447,1,1,0,1
1234561193,54,48143902,3,44793220,25533913,0,12474513,954439981,1,1,0,1
1234561398,41,27320916,2,19571729,0,0,11183793,5850307215,1,0,0,1
1234561679,48,42939302,3,27294202,0,1699508,14213785,2403435739,1,0,1,1
1234561331,45,20606144,1,22512312,0,0,0,307830787,1,0,0,0
1234561000,42,34046413,3,41144855,0,4639461,12568467,1289781437,1,0,1,1
1234561107,34,35968937,3,19003836,15220587,4745684,0,3413309911,1,1,1,0
1234561162,55,33774372,2,29383451,0,1953410,0,1150570246,1,0,1,0
1234561275,41,21392711,3,8650371,0,2080363,17122297,2006477310,1,0,1,1
1234561148,22,43519612,1,15084662,0,0,0,2818527216,1,0,0,0
1234561623,22,32480127,2,46488623,16963403,0,0,4213879145,1,1,0,0
1234561834,53,35117177,2,10732781,0,1161398,0,3419002634,1,0,1,0
1234561958,44,36408305,3,7115150,16026727,0,14534210,5557846213,1,1,0,1
1234561488,51,36048421,3,2815396,12312717,0,13049049,4928441714,1,1,0,1
1234561677,48,20388496,4,7130302,18887118,4257425,12513758,4515349556,1,1,1,1
1234561828,55,35373654,4,15615162,14536803,2043596,14905774,1320224169,1,1,1,1
1234561621,48,10650536,3,40074474,22723920,3807015,0,1657986015,1,1,1,0
1234562000,43,38494339,2,38113200,24501077,0,0,5533468749,1,1,0,0
1234561930,52,26383605,2,27142002,21475558,0,0,2807354413,1,1,0,0
1234561384,22,41085008,3,42611901,0,3967111,16012914,2899353278,1,0,1,1
1234561233,21,18921452,4,7008850,2369078,1159346,11783593,1385204609,1,1,1,1
1234561359,37,45333846,2,36189414,0,717180,0,3288566483,1,0,1,0
1234561160,38,38635649,4,33214172,28267601,3477579,10092509,3737160412,1,1,1,1
1234561945,25,16956968,3,49497274,0,2856270,18879655,5454292130,1,0,1,1
1234561128,48,20992329,1,9212239,0,0,0,2745487321,1,0,0,0
1234561216,27,33733181,3,33798365,5919831,0,17292382,5280618177,1,1,0,1
1234561352,27,26476823,4,43629750,26989173,2769435,18533494,2965364925,1,1,1,1
1234561072,55,14993892,3,23094196,0,3740496,14135412,4162536684,1,0,1,1
1234561762,25,17924501,3,34237071,1900821,1491080,0,1219626464,1,1,1,0
1234561300,35,28904292,2,16019145,0,2631118,0,5682292466,1,0,1,0
1234561180,25,39687353,3,41011798,0,4345708,18169369,3959483397,1,0,1,1
1234561586,51,38477888,3,48959169,4744413,0,14146596,2957793877,1,1,0,1
1234561688,43,49312819,3,10332839,16400200,0,10915587,2967129824,1,1,0,1
1234561330,20,37551877,3,25660453,0,683330,15809895,406787295,1,0,1,1
1234561361,52,31342921,3,3200618,25915121,2142785,0,5094341989,1,1,1,0
1234561899,51,48981255,1,27500080,0,0,0,4984601220,1,0,0,0
1234561130,39,44921935,3,33456698,24349607,0,18290499,4002026253,1,1,0,1
1234561421,55,12141467,4,25343324,1763132,693805,13734294,3196840736,1,1,1,1
1234561754,42,40745239,2,42069215,0,1776228,0,884879647,1,0,1,0
1234561432,31,23948128,2,21180516,14879729,0,0,4476682649,1,1,0,0
1234561493,36,43157608,3,48859274,28237585,3387666,0,3176088662,1,1,1,0
1234561110,33,23260198,2,1844606,0,0,11032573,3600723221,1,0,0,1
1234561674,34,21890516,4,11322264,18857877,748016,14069907,2088190324,1,1,1,1
1234561260,26,17729915,2,41343018,0,0,14277519,3439755324,1,0,0,1
1234561222,37,19330934,3,38452649,13708250,0,10743085,1403106761,1,1,0,1
1234561017,28,44146529,2,22545107,0,0,16811648,1743742532,1,0,0,1
1234561440,24,19030975,3,7405449,3594048,3294036,0,350623521,1,1,1,0
1234561394,28,17743097,3,35254148,23322607,0,19479350,1099118124,1,1,0,1
1234561834,47,19331903,2,30603506,0,575083,0,5421730292,1,0,1,0
1234561720,55,34127453,3,47867908,13862040,0,19594290,1544127103,1,1,0,1
1234561566,53,20109734,3,21932019,0,1852338,11897796,3962899863,1,0,1,1
1234561265,52,26905131,2,16071598,9452809,0,0,3464937973,1,1,0,0
1234561058,53,36001748,2,29750703,0,0,19205856,5857054710,1,0,0,1
1234561132,55,15899261,1,5313713,0,0,0,2516090359,1,0,0,0
1234561249,41,45653116,4,38558596,25829873,3448544,16232492,1938890126,1,1,1,1
1234561584,53,34166306,1,732869,0,0,0,2101647676,1,0,0,0
1234561023,28,36252777,3,4391729,0,666891,18593858,4030057270,1,0,1,1
1234561718,55,32055357,2,44463786,0,0,12487176,4791055926,1,0,0,1
1234561958,27,20308634,1,45997637,0,0,0,3774278134,1,0,0,0
1234561301,44,45790840,2,10858064,0,0,14522755,5457025987,1,0,0,1
1234561078,31,24526056,4,22929589,10967763,4533289,15988184,4918628592,1,1,1,1
1234561255,29,34397961,2,43173573,0,2176907,0,2020151398,1,0,1,0
1234561370,43,29188720,1,30029840,0,0,0,3848129452,1,0,0,0
1234561640,32,33939336,3,48510796,14125704,0,12665973,5979728788,1,1,0,1
1234561631,52,43316987,1,10303584,0,0,0,1508827246,1,0,0,0
1234561056,44,22661521,3,46524812,25804717,4851429,0,4670577185,1,1,1,0
1234561748,55,45202465,2,40736138,0,656644,0,5075774743,1,0,1,0
1234561871,36,24489785,3,14415957,27896786,683199,0,4441920728,1,1,1,0
1234561265,20,23027377,3,523388,23994160,0,19006026,1988919636,1,1,0,1
1234561746,51,18581004,3,11704260,0,597587,11054299,3765594243,1,0,1,1
1234561217,25,35528617,2,15748613,0,0,19870816,4312738713,1,0,0,1
1234561263,40,31107020,2,46439865,16897545,0,0,2233250840,1,1,0,0
1234561147,31,45536538,2,37562548,10110736,0,0,1461951843,1,1,0,0
1234561301,23,35116623,3,9980515,3220845,3165850,0,5672139065,1,1,1,0
1234561945,36,48691323,2,21002678,12544419,0,0,4075508411,1,1,0,0
1234561862,45,41635557,3,14825263,8418630,0,14500523,2544808117,1,1,0,1
1234561154,24,34625023,2,1017509,0,2363565,0,3656380461,1,0,1,0
1234561924,54,23919805,1,11188567,0,0,0,4249900167,1,0,0,0
1234561483,52,14046194,2,40190040,0,4797916,0,3157028564,1,0,1,0
1234561971,26,28389497,3,33207911,12494167,0,12152024,5209895705,1,1,0,1
1234561399,43,34845499,2,32254567,9376898,0,0,2588580802,1,1,0,0
1234561408,35,36509496,3,21012622,24666071,0,19296825,617664437,1,1,0,1
1234561878,52,49263935,4,26827030,14136061,4033757,14681039,2896472572,1,1,1,1
1234561749,49,31981799,2,20726081,0,3856324,0,4886842459,1,0,1,0
1234561942,25,15019277,4,46441607,3762522,1159314,11699510,5629149947,1,1,1,1
1234561966,41,10627515,2,3684362,0,1853277,0,2723273510,1,0,1,0
1234561459,41,19105223,3,28496648,0,2851808,14413203,4121383895,1,0,1,1
1234561595,21,27371060,2,31590154,0,0,18204071,2373061982,1,0,0,1
1234561337,53,20174155,3,46179127,29260804,0,14052769,779331606,1,1,0,1
1234561017,31,28196637,3,17220145,0,1966795,16445588,5156712432,1,0,1,1
1234561093,41,33853643,1,6724703,0,0,0,5980626868,1,0,0,0
1234561825,55,42796356,2,13789631,15563411,0,0,3354234751,1,1,0,0
1234561170,28,38057524,3,3718439,11425642,0,18858565,5610448099,1,1,0,1
1234561216,39,47091379,3,9932777,0,936815,18647036,2964864680,1,0,1,1
1234561576,50,40503868,2,43099600,0,0,16533428,5673183209,1,0,0,1
1234561194,24,13209753,2,16631017,0,0,16664608,1557988736,1,0,0,1
1234561548,38,48150801,4,9670815,17900117,3289092,18894231,1597484206,1,1,1,1
1234561945,40,24497499,2,42821900,14672279,0,0,5180048676,1,1,0,0
1234561287,32,25436692,2,19630440,26235155,0,0,4597326612,1,1,0,0
1234561106,20,15701181,3,19696794,0,2047329,19584997,1876936348,1,0,1,1
1234561216,22,38181248,2,24735021,0,726414,0,4784016472,1,0,1,0
1234561733,27,11720743,2,1140260,4235602,0,0,5112135211,1,1,0,0
1234561597,41,48055093,3,26247432,3014072,2701518,0,1506275624,1,1,1,0
1234561740,29,27591467,3,2041787,17458539,2210459,0,2504981021,1,1,1,0
1234561303,41,31809298,2,16353242,0,4229758,0,5799174281,1,0,1,0
1234561383,48,44477436,2,14162281,0,3374756,0,637679439,1,0,1,0
1234561822,46,27981229,4,842720,8286018,4909970,15509523,5814521862,1,1,1,1
1234561706,46,40783525,3,26196453,19883326,0,19364336,3620343810,1,1,0,1
1234561646,30,35053036,1,12240362,0,0,0,3613293554,1,0,0,0
1234561712,28,11906969,2,28520614,28628989,0,0,2800058538,1,1,0,0
1234561684,30,24713922,1,48513357,0,0,0,1034360743,1,0,0,0
1234561628,23,29184752,2,30542596,0,0,10186763,2659877563,1,0,0,1
1234561465,45,15740554,1,6116597,0,0,0,1506021574,1,0,0,0
1234561350,30,29736429,3,39139872,28281690,0,13184505,3911587911,1,1,0,1
1234561958,54,16600527,3,43776570,0,3784200,19051674,861579573,1,0,1,1
1234561148,37,12881124,2,19587136,18877955,0,0,668544054,1,1,0,0
1234561211,28,33252819,3,45134786,0,3638960,12678699,4532260095,1,0,1,1
1234561119,32,41657765,4,14235849,5834029,3345756,18100411,5035855518,1,1,1,1
1234561915,55,38847975,2,13614508,3599130,0,0,1770319216,1,1,0,0
1234561325,29,49936313,4,4874797,27932845,3562839,18381348,1302238596,1,1,1,1
1234561991,41,49615919,3,35628614,20194240,0,10830398,3439213392,1,1,0,1
1234561909,24,39796524,3,18516978,10346003,0,15010512,1593883967,1,1,0,1
1234561923,27,40811388,2,5353318,0,0,19312215,4726700143,1,0,0,1
1234561761,54,10877139,1,35720653,0,0,0,3546221551,1,0,0,0
1234561106,32,20139259,4,13267668,8589302,4869480,15306441,3403989615,1,1,1,1
1234561157,55,30678276,3,34880718,6359390,3915783,0,3495294185,1,1,1,0
1234561739,33,40547214,1,27614693,0,0,0,2066851220,1,0,0,0
1234561647,47,43525808,2,31604429,0,1754080,0,1032502021,1,0,1,0
1234561742,51,28263003,1,23637633,0,0,0,3484167644,1,0,0,0
1234561481,55,30356922,4,2301961,18581681,1126946,19590841,3235441877,1,1,1,1
1234561030,29,13566635,1,10609962,0,0,0,5330254382,1,0,0,0
1234561271,55,33451185,3,18614533,1356112,0,16691556,4670686728,1,1,0,1
1234561602,23,17502032,2,30365632,0,0,17952029,3511943456,1,0,0,1
1234561559,32,30358974,2,44803513,8819545,0,0,1870828586,1,1,0,0
1234561879,46,15903835,3,9436515,23013444,0,15842715,2322771123,1,1,0,1
1234561807,22,24961440,2,35481054,25328327,0,0,2995397022,1,1,0,0
1234561923,41,23337234,4,12857499,26907752,623241,11574764,5714544760,1,1,1,1
1234561965,23,49177374,2,3563799,0,0,14912114,3974512624,1,0,0,1
1234561595,24,25586247,2,43205630,0,671413,0,3283040306,1,0,1,0
1234561063,20,20343091,3,20620034,27371848,0,15633073,4732707822,1,1,0,1
1234561545,37,33748780,1,17420965,0,0,0,4350284061,1,0,0,0
1234561114,24,38388745,1,20970852,0,0,0,1140659700,1,0,0,0
1234561178,45,35743927,4,41689862,29126348,3904185,13401825,1659514791,1,1,1,1
1234561330,39,32951882,3,17881583,11667091,4137730,0,5246771067,1,1,1,0
1234561978,38,39370160,2,9262505,0,0,13471513,856657344,1,0,0,1
1234561724,32,12310040,3,22848477,13247520,0,18553801,1923256541,1,1,0,1
1234561224,35,30957654,3,27176688,0,3245238,19445834,1816784777,1,0,1,1
1234561880,25,24288771,3,17488582,11669815,0,17007366,1427725311,1,1,0,1
1234561798,22,14722944,1,15901722,0,0,0,5420201716,1,0,0,0
1234561599,38,39307911,3,35327766,7202569,0,16927834,5140615093,1,1,0,1
1234561247,54,17904542,3,37985115,22190842,4787437,0,2307383091,1,1,1,0
1234561915,42,40554092,2,7576366,0,4764427,0,1987599463,1,0,1,0
1234561188,24,40430058,2,32940672,0,0,14514259,2479864352,1,0,0,1
1234561797,50,14464149,1,30004186,0,0,0,4929622896,1,0,0,0
1234561368,23,39670293,2,44233826,21927406,0,0,1033765598,1,1,0,0
1234561482,42,42782883,1,29485461,0,0,0,5010631724,1,0,0,0
1234561854,54,10399126,4,44877743,23902064,2680454,14361530,1504673307,1,1,1,1
1234561506,32,25024014,4,9987824,17836462,3844898,11236180,5739680133,1,1,1,1
1234561496,35,47739730,2,21426519,0,0,12674074,1956114655,1,0,0,1
1234561090,26,45619767,3,41230394,15681817,3292173,0,1527885837,1,1,1,0
1234561800,37,41598555,3,8315708,11105928,4150063,0,4927121759,1,1,1,0
1234561070,49,44306306,3,14465276,0,4352114,12476241,1894062734,1,0,1,1
1234561742,35,35995293,2,12862543,0,0,18011644,4580369945,1,0,0,1
1234561806,46,24995795,3,45096586,27752707,0,19201507,5532171658,1,1,0,1
1234561842,34,12508695,3,21122668,29261072,0,11211730,1672639178,1,1,0,1
1234561781,40,47306060,1,42396031,0,0,0,1176233856,1,0,0,0
1234561490,37,23132234,4,5537533,17016752,1155692,14206287,2362063053,1,1,1,1
1234561391,42,31880006,3,17862543,4093734,4593301,0,3773794208,1,1,1,0
1234561382,43,27124823,3,1946649,11151711,0,13377292,3013141378,1,1,0,1
1234561399,48,12956720,2,25545731,9329048,0,0,3607187238,1,1,0,0
1234561834,39,24374495,1,23272341,0,0,0,4558472526,1,0,0,0
1234561543,29,17256029,2,38402538,0,0,14730737,2018732117,1,0,0,1
1234561686,38,34043586,3,21459555,24489835,0,18083099,4014493286,1,1,0,1
1234561125,34,21385372,3,9398784,9006590,0,17434005,4657029105,1,1,0,1
1234561448,28,27864656,3,22250635,7156083,0,10976822,5044960091,1,1,0,1
1234561063,43,12707960,3,38243305,2499545,0,11261646,1196058399,1,1,0,1
1234561216,48,48757062,1,17403672,0,0,0,1705720627,1,0,0,0
1234561115,35,34497503,3,36495640,0,1977797,12497123,476004274,1,0,1,1
1234561907,53,38875123,3,16173379,28000518,610941,0,470677148,1,1,1,0
1234561026,45,36643209,2,26265926,0,0,16364685,4282765054,1,0,0,1
1234561041,23,15474775,3,2250463,10652456,0,13125440,1887713042,1,1,0,1
1234561716,54,12440950,2,24926317,2240717,0,0,5086504824,1,1,0,0
1234561003,29,28834093,4,13246939,23680650,1530945,15692733,1194398378,1,1,1,1
1234561249,48,39731726,3,20857729,13116795,0,11852298,5308016945,1,1,0,1
1234561727,47,11907511,2,49004624,26086209,0,0,4703303074,1,1,0,0
1234561284,43,25807225,4,24861481,26422701,3265960,15787216,3033217367,1,1,1,1
1234561176,23,36643281,1,13951547,0,0,0,5023429912,1,0,0,0
1234561164,29,11281784,3,30836846,0,4248250,11661508,4137822828,1,0,1,1
1234561515,49,40025267,2,41031000,18058510,0,0,2862009787,1,1,0,0
1234561278,28,36673229,3,32767100,0,2150383,11884334,2653232443,1,0,1,1
1234561128,38,35470378,3,16444208,0,4410841,15072737,5887096340,1,0,1,1
1234561938,37,42978373,4,21551759,24144734,2001708,12818415,1878366755,1,1,1,1
1234561520,31,41174867,3,38062427,13634188,4686869,0,3644198245,1,1,1,0
1234561289,51,37720464,4,12580072,25482940,3432708,12392168,4693216848,1,1,1,1
1234561177,54,21687170,2,26543179,0,0,17279191,5718525289,1,0,0,1
1234561330,44,14199869,2,14235546,10739952,0,0,5173008395,1,1,0,0
1234561670,40,34221226,2,38221174,25313375,0,0,5633362421,1,1,0,0
1234561905,40,35666405,2,25141236,0,1140685,0,1652679593,1,0,1,0
1234561088,49,36363132,2,3896581,0,0,14043530,5465095907,1,0,0,1
1234561096,52,30386268,4,10086758,24619607,4345731,17200150,1419108157,1,1,1,1
1234562000,49,10630758,3,3243122,0,3185884,17352261,4952808287,1,0,1,1
1234561239,34,30527987,2,16680047,0,0,11974251,5431354811,1,0,0,1
1234561012,55,34526068,4,27292204,23500794,3540575,15264622,3052553503,1,1,1,1
1234561711,54,11660046,2,11399948,0,0,14392791,4167522924,1,0,0,1
1234561100,51,34336320,3,24742262,0,3550108,12834403,822506527,1,0,1,1
1234561330,46,36169145,2,47812137,29598980,0,0,1209496390,1,1,0,0
1234561150,42,45687916,2,8697629,16589703,0,0,5368371403,1,1,0,0
1234561404,20,13095507,2,19587186,26375335,0,0,5557975044,1,1,0,0
1234561212,34,33506339,2,11764857,0,4315627,0,925260303,1,0,1,0
1234561442,45,10222880,2,2913052,23098757,0,0,4515435263,1,1,0,0
1234561049,21,30645002,2,48282317,0,0,11233469,1254517971,1,0,0,1
1234561419,41,22359942,2,34108586,0,0,17347256,1168868637,1,0,0,1
1234561567,38,23202035,2,46714155,0,4051228,0,2162209522,1,0,1,0
1234562000,33,12309589,3,6079412,20418717,0,16679953,4332399498,1,1,0,1
1234561469,34,44139616,2,11093707,0,0,12550967,5332212330,1,0,0,1
1234561546,23,49203619,3,35023725,0,4556834,13057421,1259987822,1,0,1,1
1234561011,51,44889536,3,22225535,0,4069825,12131987,2659303201,1,0,1,1
1234561302,55,41742673,1,21377856,0,0,0,3970894828,1,0,0,0
1234561216,41,28909037,2,3656701,0,0,12531213,4690371698,1,0,0,1
1234561863,41,12323683,1,43112681,0,0,0,4728914724,1,0,0,0
1234561608,38,24680072,3,26243004,17572591,0,16195934,1665333431,1,1,0,1
1234561554,24,21992398,2,34253980,0,2626612,0,1175241048,1,0,1,0
1234561039,55,47435913,2,36356857,0,2374947,0,5522273641,1,0,1,0
1234561039,44,17584500,2,948966,0,3109299,0,2082042000,1,0,1,0
1234561692,26,34765469,4,27398489,26553679,4643674,15662034,5800871913,1,1,1,1
1234561027,23,19829281,3,3282140,13701852,3344367,0,1835558927,1,1,1,0
1234561009,28,19652053,2,30582332,28783223,0,0,3939217558,1,1,0,0
1234561939,33,23284713,4,29444323,3275370,2145873,15620408,2590182889,1,1,1,1
1234561886,39,35936681,3,38695425,8621263,2671086,0,2320747100,1,1,1,0
1234561200,37,28687030,2,1063154,1058374,0,0,2594179549,1,1,0,0
1234561606,43,35011681,4,36805154,23548129,2538554,19051416,1779761817,1,1,1,1
1234561788,45,12973113,2,27745536,0,3659280,0,638233653,1,0,1,0
1234561572,20,21867145,3,42308102,13303427,4230633,0,1783489530,1,1,1,0
1234561688,21,18190207,4,4346464,19194088,572926,19687583,4506447526,1,1,1,1
1234561253,40,47984936,2,39625897,0,784388,0,4629752779,1,0,1,0
1234561947,31,33331555,2,12828704,0,743810,0,4545076419,1,0,1,0
1234561861,35,42056727,3,15432647,10630145,2571248,0,5130056470,1,1,1,0
1234561801,42,49773569,3,3856549,0,2123135,10642034,1933677799,1,0,1,1
1234561012,48,37700787,4,33829730,9414380,1386425,10603564,1074638214,1,1,1,1
1234561762,46,45698301,2,39195924,0,969754,0,582810257,1,0,1,0
1234561758,49,49205073,2,46308997,0,0,15930168,5641880745,1,0,0,1
1234561456,33,44702311,4,14924323,28997661,3610965,18392692,5259459864,1,1,1,1
1234561932,23,30074068,1,10199632,0,0,0,2775628239,1,0,0,0
1234561029,30,41797423,2,18150405,0,3709658,0,614417369,1,0,1,0
1234561409,35,17279129,3,35814337,12606792,3120279,0,1423562212,1,1,1,0
1234561009,42,41747163,2,24490055,0,0,10089819,5525666133,1,0,0,1
1234561578,55,42096524,2,31235566,0,0,11439787,5261499564,1,0,0,1
1234561150,46,30670832,2,40978631,14858491,0,0,3972544555,1,1,0,0
1234561748,20,44397267,4,8754495,27642895,2233329,17464678,1434562627,1,1,1,1
1234561147,26,22438991,4,35503935,18219047,2457022,19633381,5021133893,1,1,1,1
1234561684,38,19795025,2,18841756,0,1565058,0,5940349151,1,0,1,0
1234561286,36,35613272,1,48480819,0,0,0,1350962977,1,0,0,0
1234561700,21,19167657,3,12220338,0,2383518,14431444,4561083280,1,0,1,1
1234561270,51,29393132,2,37147297,0,3952437,0,1723898518,1,0,1,0
1234561649,24,43911222,2,26621118,0,3537168,0,3347014784,1,0,1,0
1234561141,43,13107134,3,9783558,3892501,1320884,0,1344625743,1,1,1,0
1234561818,51,35056708,3,4071531,15227775,3601728,0,4586101526,1,1,1,0
1234561841,20,35948154,2,48284791,0,0,12577729,4086634532,1,0,0,1
1234561969,42,49704887,3,18008766,23735115,4182250,0,2270413532,1,1,1,0
1234561756,35,47184051,1,28240201,0,0,0,1334110588,1,0,0,0
1234561166,28,18614685,1,9677367,0,0,0,4189486841,1,0,0,0
1234561211,50,26740181,2,30664695,0,2333565,0,943698989,1,0,1,0
1234561197,30,23340358,3,33329800,18186981,2484791,0,2612067527,1,1,1,0
1234561297,36,24530239,3,26610214,23580736,1563557,0,2739347219,1,1,1,0
1234561791,33,18110279,2,47334480,28861622,0,0,2413214582,1,1,0,0
1234561587,36,29715284,2,1527577,0,0,14780878,1096626180,1,0,0,1
1234561204,20,46708990,3,23476077,0,3862234,14701633,1969555560,1,0,1,1
1234561846,37,33934442,3,9849574,10486722,1690849,0,1922970276,1,1,1,0
1234561990,25,27059413,2,15573023,10004317,0,0,4783222687,1,1,0,0
1234561820,25,30499149,3,4214177,23720318,2010452,0,4060881128,1,1,1,0
1234561609,32,42303546,3,47412400,0,1674071,17531139,4141210149,1,0,1,1
1234561494,38,12890253,4,37640515,9692397,3654492,18220089,5932179639,1,1,1,1
1234561850,21,38052561,3,3834729,18056936,2088033,0,4709144019,1,1,1,0
1234561858,23,29079224,4,47761028,26565581,4485510,13434000,5748359015,1,1,1,1
1234561354,54,22798736,4,41024870,16565589,4616891,12267664,2832204790,1,1,1,1
1234561224,48,30805320,2,40788699,19908318,0,0,722717328,1,1,0,0
1234561938,41,17399634,3,37687878,0,1894105,19114949,5170528621,1,0,1,1
1234561368,25,25915910,2,39343821,0,0,13645496,5373255721,1,0,0,1
1234561724,20,27374834,2,47414887,0,0,17837618,1151519395,1,0,0,1
1234561398,49,34068904,3,1804455,15666188,0,12180528,4504192949,1,1,0,1
1234561803,23,29629501,1,35576024,0,0,0,5290764472,1,0,0,0
1234561064,31,38753725,2,17241612,23507515,0,0,5334847080,1,1,0,0
1234561681,42,43966406,4,43712545,8569655,2148068,14881661,5977940439,1,1,1,1
1234561156,23,49352184,3,15972457,0,3527762,12380580,734204564,1,0,1,1
1234561783,44,27558713,2,32733906,0,0,13654395,2045226859,1,0,0,1
1234561813,31,21477584,4,18072354,15106493,3822356,16171892,5821834417,1,1,1,1
1234561100,42,35486044,2,14432177,0,0,16958685,2046170272,1,0,0,1
1234561371,31,37941395,1,30856084,0,0,0,1169720961,1,0,0,0
1234561431,33,11407530,3,11557031,15370096,0,16494819,3429557157,1,1,0,1
1234561516,34,41204145,4,38194034,17254167,2946323,16198312,5412147357,1,1,1,1
1234561687,37,49769717,2,13068599,0,0,12235155,3369074470,1,0,0,1
1234561052,20,29841435,2,6284126,0,1233904,0,1544005995,1,0,1,0
1234561259,47,10279517,1,32644394,0,0,0,5842059243,1,0,0,0
1234561214,38,34595159,3,42301458,21146469,0,10778304,5882588619,1,1,0,1
1234561487,28,36206812,2,6899250,15032735,0,0,2573750106,1,1,0,0
1234561697,44,46401685,2,21142344,0,0,18103332,1045702861,1,0,0,1
1234561921,42,12046543,1,24591732,0,0,0,597945266,1,0,0,0
1234561072,55,19643123,4,38586063,23378473,3066806,14811881,3065438195,1,1,1,1
1234561606,48,39541234,1,23400313,0,0,0,5521583194,1,0,0,0
1234561566,24,40523105,4,4948539,7266104,3757736,10566605,4266186054,1,1,1,1
1234561835,23,47131180,4,27241088,23930211,2788128,15829912,1541478247,1,1,1,1
1234561751,55,15188633,2,28128344,0,2326166,0,5699051254,1,0,1,0
1234561196,48,25111573,2,16389339,27912365,0,0,771430766,1,1,0,0
1234561169,21,46129026,1,21945597,0,0,0,4953960335,1,0,0,0
1234561260,34,49197678,1,46722134,0,0,0,4587451929,1,0,0,0
1234561398,55,43569107,3,21062608,18616692,2346411,0,620570407,1,1,1,0
1234561685,33,29846374,2,31359581,0,4787241,0,550050150,1,0,1,0
1234561686,49,31850019,3,47531605,8459038,4232156,0,1756790226,1,1,1,0
1234561664,38,29810641,2,23040102,0,3610295,0,1680262478,1,0,1,0
1234561744,21,28199356,4,36259076,22606077,3342850,18872498,5907144775,1,1,1,1
1234561647,42,27320213,1,36643777,0,0,0,4621098847,1,0,0,0
1234561777,39,20919799,3,10594642,5660298,0,10006908,1503493371,1,1,0,1
1234561414,53,36768486,2,14673684,0,0,17550674,648999886,1,0,0,1
1234561338,37,17003734,3,22398447,14223581,4950049,0,496033776,1,1,1,0
1234561188,21,24126456,2,14079384,0,0,10828217,800202959,1,0,0,1
1234561304,20,32328462,3,32357252,27826641,3164060,0,3966582805,1,1,1,0
1234561097,27,43517030,1,18912221,0,0,0,538505646,1,0,0,0
1234561205,25,21412268,4,19955947,28758199,2940769,17689475,3016743756,1,1,1,1
1234561309,40,21282147,3,36133912,15716352,0,12899042,4031469603,1,1,0,1
1234561912,38,19780426,2,45986639,23233311,0,0,665937726,1,1,0,0
1234561451,49,10279725,2,10515456,0,2341430,0,4483633137,1,0,1,0
1234561259,52,38445820,3,23021914,0,2407334,11817851,4601232598,1,0,1,1
1234561147,39,44048694,3,11728429,0,3052981,17571875,1986333390,1,0,1,1
1234561258,53,27334793,2,26887040,0,0,13785146,5735183905,1,0,0,1
1234561560,44,41459310,4,21973980,22845839,3299204,18888813,2316902713,1,1,1,1
1234561161,23,39561095,2,32223670,0,0,13708215,3526471171,1,0,0,1
1234561085,38,30655343,1,24554193,0,0,0,4575389825,1,0,0,0
1234561452,49,25423511,2,49320916,0,0,16069644,1042655207,1,0,0,1
1234561136,33,13432561,3,18210756,6927430,3205335,0,3154293577,1,1,1,0
1234561190,33,34629822,2,43442708,25453533,0,0,4408549462,1,1,0,0
1234561896,20,45382681,2,42966958,0,3270648,0,4602218669,1,0,1,0
1234561083,21,19061926,3,27974100,10402812,4468573,0,4580228322,1,1,1,0
1234561358,27,42369816,1,44833592,0,0,0,1276508906,1,0,0,0
1234561858,39,24201433,4,9543708,25338668,2228716,11805959,3294440420,1,1,1,1
1234561695,25,17660332,1,34290174,0,0,0,477010283,1,0,0,0
1234561619,28,26418353,3,23051987,4892913,0,16964563,5099671289,1,1,0,1
1234561281,28,44420976,3,4818514,24073581,0,16532005,1445370490,1,1,0,1
1234561874,31,35971570,3,43011116,0,2030614,17609776,3137308496,1,0,1,1
1234561416,46,37534908,3,21733382,0,3405208,11151059,5472310453,1,0,1,1
1234561402,27,47295825,2,12197189,28183802,0,0,4894604477,1,1,0,0
1234561362,42,24880498,4,46089182,28384044,1957313,12809125,2328116790,1,1,1,1
1234561088,49,17014859,1,6354804,0,0,0,4466545541,1,0,0,0
1234561994,21,49735872,2,32616959,0,1975295,0,1559851286,1,0,1,0
1234561621,32,14637340,3,13199569,0,4848859,16370285,870075016,1,0,1,1
1234561181,20,30850371,2,5311720,0,0,18679953,3634149734,1,0,0,1
1234561479,53,19778141,1,43459297,0,0,0,4510407208,1,0,0,0
1234561688,35,47518402,3,34768312,15754233,0,17820056,2673937102,1,1,0,1
1234561536,47,25592775,1,6665025,0,0,0,5927549289,1,0,0,0
1234561744,52,44511115,2,44628188,25145513,0,0,5420092554,1,1,0,0
1234561361,49,44960278,3,13706451,5381499,678623,0,1478876334,1,1,1,0
1234561902,22,20659184,2,12168066,0,4755085,0,1427618048,1,0,1,0
1234561900,36,44969538,3,34002318,12171996,1009671,0,5916180990,1,1,1,0
1234561143,50,32477835,2,36510546,0,1123316,0,1502432708,1,0,1,0
1234561316,21,20976710,3,18613433,26345070,0,12949600,3404755195,1,1,0,1
1234561541,40,36460146,1,42548004,0,0,0,4809711948,1,0,0,0
1234561220,33,27717572,3,45908741,2376517,0,15420253,2960543740,1,1,0,1
1234561201,49,36200540,2,34304085,29955025,0,0,3853064446,1,1,0,0
1234561264,55,13966845,2,19522556,18424026,0,0,2367770350,1,1,0,0
1234561680,39,44787153,2,20256622,0,977328,0,5495505679,1,0,1,0
1234561379,47,42619965,2,37759723,0,0,16280309,2444448529,1,0,0,1
1234561210,36,33429640,3,24434242,0,1618787,11149041,4947619959,1,0,1,1
1234561606,24,37905037,2,47773707,0,0,14554227,4363117774,1,0,0,1
1234561880,37,18751387,2,29896290,0,0,11792143,5966357870,1,0,0,1
1234561529,48,49373964,1,22748516,0,0,0,3292453246,1,0,0,0
1234561076,20,18969741,3,19320166,0,4805671,12707629,4628281731,1,0,1,1
1234561841,50,17918667,3,42730913,21162847,0,17513630,2152448382,1,1,0,1
1234561846,45,20744469,3,40327683,1659694,4773587,0,4877968316,1,1,1,0
1234561480,46,20812778,2,32261160,0,0,16583513,4574092134,1,0,0,1
1234561513,45,12619337,2,45951031,29430751,0,0,3764312115,1,1,0,0
1234561868,49,26941377,1,13878093,0,0,0,1620410411,1,0,0,0
1234561558,26,37732248,3,30375483,0,3446172,14014629,3776534779,1,0,1,1
1234561478,28,10665321,1,12141368,0,0,0,4809396014,1,0,0,0
1234561399,27,14382378,3,46324835,0,3681537,10431926,5403175254,1,0,1,1
1234561305,38,30340803,2,17873814,1016199,0,0,4085800921,1,1,0,0
1234561282,33,43620441,2,4945025,7098065,0,0,3023867219,1,1,0,0
1234561539,22,29543398,2,12349535,0,1730727,0,2080842102,1,0,1,0
1234561086,55,41678565,4,33529122,6273729,1934072,14869654,5278216527,1,1,1,1
1234561419,55,31138997,2,26044363,0,0,10192020,1529704946,1,0,0,1
1234561348,21,36092969,3,17241603,7753186,2439283,0,592610920,1,1,1,0
1234561312,35,49050058,3,9732742,20209920,0,12488636,5834531505,1,1,0,1
1234561718,45,29351002,3,18359512,0,2367610,18171559,5994234364,1,0,1,1
1234561169,26,14473379,3,32991903,0,2871438,19809378,5343345227,1,0,1,1
1234561777,26,13123266,3,6448940,7823673,844819,0,3048515853,1,1,1,0
1234561208,37,14027434,3,19449266,0,2930428,14694371,484981565,1,0,1,1
1234561741,43,32643424,3,11626345,15105289,0,13411757,2862014736,1,1,0,1
1234561225,41,36650963,2,4942193,0,0,11053638,4857770505,1,0,0,1
1234561467,37,42490174,3,24715411,0,1667012,16205267,3679893390,1,0,1,1
1234561608,41,42323984,3,13970030,9742769,0,17386422,1609004111,1,1,0,1
1234561518,52,42191484,3,16174689,7372391,2214641,0,5800429514,1,1,1,0
1234561992,40,31663710,4,18438557,3617818,4803415,14699636,4009069818,1,1,1,1
1234561727,42,11936355,2,49312220,29790963,0,0,5756746067,1,1,0,0
1234561655,24,29901418,3,6992660,14786175,3821250,0,4373457621,1,1,1,0
1234561470,28,41145292,3,43964958,0,1378590,18961459,3703774031,1,0,1,1
1234561926,27,47684848,4,22761857,13581488,1616560,16309572,5297599066,1,1,1,1
1234561339,22,16670864,1,27140242,0,0,0,5750635370,1,0,0,0
1234561484,42,32665953,2,3148298,0,1616630,0,5710445820,1,0,1,0
1234561846,21,48103943,3,25253717,17663318,3865732,0,2524524593,1,1,1,0
1234561670,39,10818399,3,21861318,28595020,0,19878678,5799727605,1,1,0,1
1234561744,24,22568348,3,8609959,0,2069856,17903418,1365503811,1,0,1,1
1234561427,46,11819612,2,9149023,0,0,14329855,5271131920,1,0,0,1
1234561650,25,30103371,2,17551256,20257920,0,0,1376529946,1,1,0,0
1234561218,31,19637253,2,21023890,0,0,11330510,4245705218,1,0,0,1
1234561233,22,49916265,3,26362953,3939678,0,12047804,615027516,1,1,0,1
1234561735,38,44122369,3,45203829,6662100,1362155,0,5093781135,1,1,1,0
1234561476,46,38694326,2,20348474,8343649,0,0,3103837625,1,1,0,0
1234561169,45,43630782,3,40272719,24410106,4592559,0,4033485279,1,1,1,0
1234561087,35,22429301,3,40239009,14279048,2833004,0,1124770327,1,1,1,0
1234561634,53,35244912,3,3811897,2855128,3214208,0,2466358458,1,1,1,0
1234561669,31,22151204,4,2793139,6829847,2570927,18277946,960313512,1,1,1,1
1234561612,43,40939438,3,39084903,21023493,1412848,0,1414377460,1,1,1,0
1234561429,44,12314528,2,11561836,16943297,0,0,3160964751,1,1,0,0
1234561046,22,10801102,1,3422563,0,0,0,2505910507,1,0,0,0
1234561721,41,38331719,3,26798640,0,2337233,16478635,4771322113,1,0,1,1
1234561592,32,34804661,2,20419529,0,0,10777545,1653190345,1,0,0,1
1234561856,36,29281695,3,33315324,0,520849,15851368,325765163,1,0,1,1
1234561671,35,49230827,2,20414441,0,2324776,0,5915573966,1,0,1,0
1234561154,45,20555560,3,4817560,6293765,0,12454111,959177505,1,1,0,1
1234561588,36,44835641,3,49440677,15361492,2954528,0,5545613182,1,1,1,0
1234561155,31,13952890,4,48377766,22249403,1520140,11963011,1389141521,1,1,1,1
1234561827,33,46605237,1,2698519,0,0,0,5446561351,1,0,0,0
1234561770,53,42476815,2,38166615,0,0,15585819,846977488,1,0,0,1
1234561934,52,12968530,2,43354160,0,1223049,0,3559043980,1,0,1,0
1234561071,51,30392974,2,35479439,0,3014596,0,4650981734,1,0,1,0
1234561235,30,36169483,3,27457153,0,1483682,17539051,1796460910,1,0,1,1
1234561087,31,25514366,2,29015722,0,1790022,0,3527019153,1,0,1,0
1234561199,38,18382143,4,49099819,20591907,1894736,16289491,4925122270,1,1,1,1
1234561689,22,47227549,4,32633760,27591672,743589,10987771,3423712811,1,1,1,1
1234561641,33,41574733,4,19316676,27340049,1623493,10003516,2678345601,1,1,1,1
1234561922,44,40202876,2,22222909,0,0,15975266,3591843331,1,0,0,1
1234561420,55,44797751,2,9037733,0,4058071,0,1122017111,1,0,1,0
1234561470,42,22721271,3,14039594,27073902,0,19279591,5859988738,1,1,0,1
1234561081,41,35538509,2,35132885,0,0,13609941,4449078314,1,0,0,1
1234561661,46,16900191,3,4875806,17170328,3963950,0,4331510587,1,1,1,0
1234561511,25,45868211,1,27411182,0,0,0,4533723255,1,0,0,0
1234561567,55,14064518,1,21872822,0,0,0,5245741786,1,0,0,0
1234561829,31,30948242,2,30246399,0,0,18411015,3107566527,1,0,0,1
1234561181,51,11173173,3,4621260,0,2527913,19841335,1341704576,1,0,1,1
1234561721,48,29736797,3,13756193,29717600,0,16839621,5428354300,1,1,0,1
1234561379,52,28794798,3,20640250,0,1531817,15263690,1310467600,1,0,1,1
1234561186,31,15499341,3,8445912,0,2626072,19813533,1314215543,1,0,1,1
1234561992,51,36390472,2,37388038,0,3890090,0,4029629738,1,0,1,0
1234561843,25,11537674,3,9852591,17145879,0,15659097,3166704024,1,1,0,1
1234561051,23,32308331,1,12512906,0,0,0,3950574326,1,0,0,0
1234561256,36,31253205,3,4653998,18533900,4468250,0,1735381798,1,1,1,0
1234561598,23,49908063,3,1355943,14526624,0,12529087,2477233806,1,1,0,1
1234561045,52,49969106,3,27020241,3816775,0,13855827,1088905339,1,1,0,1
1234561633,36,34706762,1,35697979,0,0,0,5988504711,1,0,0,0
1234561796,35,23185977,2,39554927,0,4172236,0,609854422,1,0,1,0
1234561116,52,36613718,1,25718948,0,0,0,489224218,1,0,0,0
1234561248,30,37069866,3,46484345,0,835294,11538500,2839448302,1,0,1,1
1234561937,48,26113752,3,9899669,24049483,0,16968340,2070982465,1,1,0,1
1234561853,51,18805327,3,45284084,0,1676405,11877790,1991669339,1,0,1,1
1234561573,23,21927032,3,34527141,0,4889002,12845641,2330170465,1,0,1,1
1234561454,30,18389177,2,8298662,0,0,17331094,4411175788,1,0,0,1
1234561915,34,46366826,1,20217232,0,0,0,1935172950,1,0,0,0
1234561107,37,26715327,3,47691856,3086280,0,10266268,3469440059,1,1,0,1
1234561897,53,32633963,3,47398291,4979243,932972,0,492164228,1,1,1,0
1234561178,38,23988795,3,30195864,0,2094842,12418641,1418311862,1,0,1,1
1234561166,34,18815304,3,47062509,4484355,4134317,0,3939783222,1,1,1,0
1234561625,33,35753348,2,5881937,0,0,15005267,2044947080,1,0,0,1
1234561314,51,19112662,1,20746814,0,0,0,4545533271,1,0,0,0
1234561322,47,41569226,3,13281980,0,698562,11479644,2367586689,1,0,1,1
1234561047,39,29526013,4,21421648,19882432,1572993,13293662,4958331585,1,1,1,1
1234561626,29,42153585,3,36181923,12177249,0,15093225,4165989842,1,1,0,1
1234561989,43,42184366,3,15127056,15252546,0,12428923,450746159,1,1,0,1
1234561161,50,12373426,4,39590732,13914349,1983853,17847494,3162893633,1,1,1,1
1234561817,31,48135101,4,20916610,10933307,2975960,12634874,3090204299,1,1,1,1
1234561112,35,39388752,3,46342344,21257010,1590844,0,4123829314,1,1,1,0
1234561238,38,24361544,2,37495251,0,1916650,0,3342525266,1,0,1,0
1234561730,42,21749651,3,34205494,7144902,876515,0,2341796456,1,1,1,0
1234561438,33,23298770,3,858447,0,4468952,18720022,4789074582,1,0,1,1
1234561294,39,16854065,1,47154243,0,0,0,5403245444,1,0,0,0
1234561803,52,49925685,3,40085849,0,2344342,12294470,3038200691,1,0,1,1
1234561402,54,35579286,3,21492555,12875433,0,11176376,5814500140,1,1,0,1
1234561955,39,45219743,3,23525428,0,4819006,14969317,824328244,1,0,1,1
1234561648,55,39942171,3,37016817,0,4323849,14491442,2729009841,1,0,1,1
1234561239,27,40773912,3,5805991,0,1614150,10177436,5936887996,1,0,1,1
1234561149,21,29021858,3,40924597,0,4898856,17777265,456195464,1,0,1,1
1234561586,20,12998672,4,46388394,16113030,3192136,14612894,774812622,1,1,1,1
1234561721,25,47904948,2,11430135,0,0,17554184,3205084038,1,0,0,1
1234561530,49,46022473,3,30347077,21028863,4521533,0,1416041321,1,1,1,0
1234561416,41,35757863,3,7609465,7091016,2523988,0,5129493525,1,1,1,0
1234561753,27,41421753,3,19672237,12290337,3252711,0,3300316066,1,1,1,0
1234561508,22,25987866,3,36383601,16241690,0,19814345,5758737166,1,1,0,1
1234561873,41,34533249,2,42715861,0,0,19931527,3502131131,1,0,0,1
1234561302,54,19968883,3,25294355,21556799,2484552,0,3708472346,1,1,1,0
1234561269,51,26798361,2,6311637,28558914,0,0,3849478603,1,1,0,0
1234561112,55,45364670,2,22053194,25427165,0,0,4414895069,1,1,0,0
1234561382,24,28314502,2,44259796,0,3226573,0,934312808,1,0,1,0
1234561995,22,47538307,2,33202479,27833637,0,0,849032708,1,1,0,0
1234561341,47,42286713,3,13823240,21613533,0,15884114,2322879413,1,1,0,1
1234561974,37,15835075,2,44908780,0,2392245,0,4915730199,1,0,1,0
1234561260,43,19237204,4,26211161,22133636,713900,10092321,2570006474,1,1,1,1
1234561392,41,46668266,3,43133090,26183060,0,13664276,5982988667,1,1,0,1
1234561657,49,24261443,2,20285509,0,2786820,0,3769608921,1,0,1,0
1234561751,27,22563042,3,15176215,1729288,4808203,0,1659230197,1,1,1,0
1234561548,38,11491248,2,18526746,26644625,0,0,1990495020,1,1,0,0
1234561711,24,42617800,1,20661265,0,0,0,5260840922,1,0,0,0
1234561681,32,14806469,1,7388396,0,0,0,3612176124,1,0,0,0
1234561255,24,42912076,2,21604966,0,0,11731436,4669564456,1,0,0,1
1234561594,33,35680674,3,35310619,2933691,2080097,0,2758244852,1,1,1,0
1234561609,49,46127054,2,40457954,11980385,0,0,1033575188,1,1,0,0
1234561267,43,22686768,4,35709244,17354386,2548852,10268880,3325291083,1,1,1,1
1234561868,25,38197213,4,8288362,29347061,3436679,13944554,420214229,1,1,1,1
1234561145,27,14802868,3,25881158,0,2313569,12409521,3666068752,1,0,1,1
1234561698,45,37832010,3,11998807,0,675135,16020071,5162744032,1,0,1,1
1234561270,49,44734800,3,5727377,1174497,0,12062098,5655202735,1,1,0,1
1234561817,24,20660457,3,45466566,21140784,0,13578456,4875500946,1,1,0,1
1234561581,30,18363672,3,40621309,12497868,4326062,0,4853058654,1,1,1,0
1234561351,52,25534227,1,26187151,0,0,0,5116624786,1,0,0,0
1234561121,53,13435549,3,34930547,23804544,0,10996929,1736792113,1,1,0,1
1234561048,33,27736806,3,40002045,5108285,0,12095058,5483109760,1,1,0,1
1234561861,32,14245524,2,30774631,0,0,16403861,1998542201,1,0,0,1
1234561420,45,14582763,4,22552317,19958728,3771884,12260213,2133777414,1,1,1,1
1234561863,26,34667286,2,33930497,26792770,0,0,3627582574,1,1,0,0
1234561765,33,46798380,4,33125684,16514207,1088773,10669111,735885050,1,1,1,1
1234561635,42,13207124,3,7389707,9236590,0,15790645,1274281268,1,1,0,1
1234561780,54,39770483,1,36135599,0,0,0,1046782115,1,0,0,0
1234561524,22,49373730,4,47675789,19032192,4940561,17825433,3492585344,1,1,1,1
1234561366,32,29230943,4,48909284,24812817,1864897,14635230,3931281029,1,1,1,1
1234561878,27,48187098,1,38731402,0,0,0,3660485287,1,0,0,0
1234561879,20,16175101,3,27870981,20220054,1320594,0,2651962274,1,1,1,0
1234561842,35,16605228,3,19828591,0,882733,10192142,514198392,1,0,1,1
1234561362,44,27203882,2,17472973,14883476,0,0,695550950,1,1,0,0
1234561780,48,22046750,3,6540313,0,2214802,19237489,3570652040,1,0,1,1
1234561448,47,39192051,2,6134333,28909632,0,0,2824608424,1,1,0,0
1234561051,49,26620501,2,4280063,0,4864193,0,507108760,1,0,1,0
1234561381,22,16921858,2,3224588,0,0,10186190,4043902369,1,0,0,1
1234561547,55,13725685,3,11620149,9792349,0,12410551,986531612,1,1,0,1
1234561454,39,13616212,2,16774733,0,1679275,0,615131888,1,0,1,0
1234561492,40,32787690,2,24043342,0,0,16944163,4332909407,1,0,0,1
1234561042,34,19493057,2,35243460,0,2448189,0,3787749089,1,0,1,0
1234561273,55,27335281,3,36575956,2554479,0,12640984,4994980727,1,1,0,1
1234561082,40,32887445,4,19246020,22361451,2852732,17666445,3610698566,1,1,1,1
1234561946,41,33807667,3,14497283,0,1348748,19106410,3942690344,1,0,1,1
1234561823,22,32732235,3,21393547,5042120,0,19722631,4231782068,1,1,0,1
1234561711,39,15067821,3,5808706,24178914,0,19180387,5309605612,1,1,0,1
1234561220,22,19553833,2,12878077,26125526,0,0,4821765973,1,1,0,0
1234561816,28,15134032,2,5146875,21508739,0,0,1903538210,1,1,0,0
1234561271,26,11951342,1,38085490,0,0,0,2307977918,1,0,0,0
1234561352,42,32378809,2,17549781,0,3500475,0,2812446442,1,0,1,0
1234561049,36,36094002,2,35699847,28571260,0,0,4226193563,1,1,0,0
1234561730,47,41280080,2,10042154,24767495,0,0,1885236880,1,1,0,0
1234561968,53,32020425,1,22091126,0,0,0,2453251131,1,0,0,0
1234561030,51,42338563,2,4638309,0,0,10755005,2561411690,1,0,0,1
1234561521,40,12935938,3,34693522,17865206,0,14513986,4009282983,1,1,0,1
1234561228,20,15955382,2,20956386,0,4584846,0,4393839238,1,0,1,0
1234561010,21,13116262,3,4928505,28702493,2850888,0,1814976741,1,1,1,0
1234561136,34,11108226,3,17312125,14540511,2059560,0,3023857518,1,1,1,0
1234561243,34,46897204,2,20490036,7130372,0,0,1166083182,1,1,0,0
1234561130,31,26508362,3,45442989,18790394,0,13630942,331708118,1,1,0,1
1234561397,54,19307884,3,16944873,0,3902850,17766151,4105665570,1,0,1,1
1234561303,21,44265200,2,15416951,15465806,0,0,5485014141,1,1,0,0
1234561445,36,49563930,4,4937446,23787694,3857948,19173294,5617230719,1,1,1,1
1234561925,31,29899930,3,47859642,0,1702940,12744953,5714518705,1,0,1,1
1234561245,52,47377928,2,24253684,0,2714572,0,3555750447,1,0,1,0
1234561550,26,21045397,3,23176329,19132418,0,11968560,3430315963,1,1,0,1
1234561312,34,24444378,1,18064917,0,0,0,3028396493,1,0,0,0
1234561323,49,29928177,2,47311462,0,4179340,0,4771013982,1,0,1,0
1234561300,27,36107631,2,27132552,0,0,19536932,653027032,1,0,0,1
1234561443,40,36188369,2,41869752,22278069,0,0,4380558964,1,1,0,0
1234561571,52,40989203,4,10822831,21830444,2428240,15150377,1801588255,1,1,1,1
1234561795,34,34678762,3,3526818,1483505,0,19527158,1333513093,1,1,0,1
1234561006,45,17277121,2,26541299,0,0,11371144,3471682698,1,0,0,1
1234561243,54,17161908,3,10016754,0,2092287,18905804,3892964052,1,0,1,1
1234561517,30,29719437,2,11740047,0,2690451,0,2212965484,1,0,1,0
1234561021,23,46976261,3,13696191,0,3599900,19712370,5293388075,1,0,1,1
1234561658,40,23977135,2,46788505,0,0,14990156,3793132790,1,0,0,1
1234561706,27,22966363,2,23893691,6587222,0,0,5668666642,1,1,0,0
1234561695,35,32777005,3,16219239,0,4355789,14261401,3128387598,1,0,1,1
1234561113,26,42072865,3,32439780,10241982,0,16291838,3511039197,1,1,0,1
1234561299,20,10264692,2,48955374,16930056,0,0,4344585730,1,1,0,0
1234561913,28,18482733,1,21890251,0,0,0,5285211508,1,0,0,0
1234561037,25,24112821,2,10186887,0,3844703,0,2367122527,1,0,1,0
1234561292,37,17332103,4,30198165,26138950,749898,13090669,4473107927,1,1,1,1
1234561320,36,28341480,1,31033980,0,0,0,3139793682,1,0,0,0
1234561969,50,29013367,3,41596358,14276711,4510468,0,4776875926,1,1,1,0
1234561564,28,27655810,2,40542777,0,688768,0,3179492246,1,0,1,0
1234561721,31,39851600,4,3756627,22901868,3447293,14932050,1303873997,1,1,1,1
1234561051,49,15293360,2,33118016,0,2820704,0,3585591822,1,0,1,0
1234561378,40,42608027,3,44463003,13426641,0,13214488,2767820951,1,1,0,1
1234561620,22,22593367,4,49638452,7356110,4913737,12069118,3208185605,1,1,1,1
1234561742,33,42001166,1,47219837,0,0,0,4206135079,1,0,0,0
1234561777,52,16955016,2,35291108,0,0,17113427,4837027766,1,0,0,1
1234561215,22,21504003,2,46623028,20797271,0,0,482333891,1,1,0,0
1234561977,26,17127850,1,31464507,0,0,0,2401117861,1,0,0,0
1234561521,40,16347743,2,21625264,0,3027906,0,2966975802,1,0,1,0
1234561895,45,35905710,2,48713155,0,1871388,0,5822749646,1,0,1,0
1234561030,43,46988685,2,8207564,0,1145372,0,3662234743,1,0,1,0
1234561639,54,48877224,2,28665084,26137136,0,0,1519326746,1,1,0,0
1234561325,45,29384247,3,12336527,13275291,2155328,0,2462061465,1,1,1,0
1234561741,40,13387930,3,45245995,10604566,0,12923713,1930730729,1,1,0,1
1234561081,52,27394011,3,19493649,22705442,3022546,0,4027509449,1,1,1,0
1234561326,32,17758618,2,855944,0,0,12692216,5816948840,1,0,0,1
1234561047,21,17778619,2,2547156,0,2284981,0,2530984630,1,0,1,0
1234561946,31,45698804,3,17565881,0,2638824,13425200,3461563835,1,0,1,1
1234561278,50,27322553,3,23492170,18271777,3200321,0,5199707396,1,1,1,0
1234561191,38,43130499,2,26272408,0,0,15651262,5875820015,1,0,0,1
1234561668,25,22885524,3,36925207,27313906,0,15177932,3887387496,1,1,0,1
1234562000,44,32856780,1,19284683,0,0,0,5276516466,1,0,0,0
1234561910,25,49295056,2,3425181,0,3097852,0,3189734526,1,0,1,0
1234561502,54,35893176,2,45315029,0,1506386,0,4008052749,1,0,1,0
1234561479,29,48324720,3,20315726,5762082,4213636,0,1468277546,1,1,1,0
1234561103,36,40559237,3,42511843,13949720,0,19487360,3855108054,1,1,0,1
1234561680,30,23695997,4,42453404,29312805,4244415,17752609,4476142269,1,1,1,1
1234561595,20,35176673,2,15424463,0,0,17679424,546608376,1,0,0,1
1234561082,26,27900167,2,48124356,0,602391,0,1252467493,1,0,1,0
1234561943,41,44506312,3,48689855,8853033,0,19202827,1001319279,1,1,0,1
1234561092,45,11766316,2,13028184,8512167,0,0,5761433847,1,1,0,0
1234561472,44,38323381,1,40411583,0,0,0,2746211122,1,0,0,0
1234561158,22,48543153,4,25540131,15804373,1580789,13101353,4814694788,1,1,1,1
1234561372,45,38383550,3,32562285,26607806,2196455,0,2090618064,1,1,1,0
1234561273,32,15487115,3,37744947,12828894,2936013,0,2538158123,1,1,1,0
1234561290,50,18256991,2,9265279,0,798873,0,4318309763,1,0,1,0
1234561998,38,48489623,3,34688829,16902777,0,13893536,5231592311,1,1,0,1
1234561324,26,19984110,3,21736943,3868319,4034609,0,1756138054,1,1,1,0
1234561788,30,48261905,3,29938801,24784118,0,13916640,4217605762,1,1,0,1
1234561288,51,48958629,3,28505079,14420587,4900647,0,3480661438,1,1,1,0
1234561680,25,12145967,3,6029719,4417074,0,19948330,933037935,1,1,0,1
1234561806,35,29104924,1,47407701,0,0,0,5309358051,1,0,0,0
1234561080,55,15166129,4,6750713,10810322,4660811,10577140,4892469244,1,1,1,1
1234561353,50,39267657,3,23073929,23711556,3385667,0,4559030771,1,1,1,0
1234561963,26,19153336,2,30174701,20843963,0,0,2554007485,1,1,0,0
1234561037,34,43160498,3,14446738,13326962,3017272,0,3288790746,1,1,1,0
1234561816,49,34646492,2,47412425,13033065,0,0,725096555,1,1,0,0
1234561652,49,43079588,1,22203639,0,0,0,4462156109,1,0,0,0
1234561619,45,11509173,3,41197893,15728986,0,14057368,4790161198,1,1,0,1
1234561620,32,29683352,2,28906185,0,0,14945391,4704960128,1,0,0,1
1234561474,27,22702710,2,12987001,0,2353339,0,2213802713,1,0,1,0
1234561593,36,13681152,3,37109339,0,3882381,16736504,4612772457,1,0,1,1
1234561179,41,46805891,3,3719210,0,3407696,17949998,3349936691,1,0,1,1
1234561707,45,28476556,2,27510469,0,0,14737808,3998843403,1,0,0,1
1234561600,31,43296130,3,24220225,26244254,1424243,0,4664779910,1,1,1,0
1234561563,32,22156263,3,38597255,16538191,4277836,0,348043507,1,1,1,0
1234561877,53,17485140,3,16064259,2819743,4060996,0,5306250327,1,1,1,0
1234561863,24,33096180,3,16879589,4301175,0,11537695,2423881605,1,1,0,1
1234561352,40,33082376,2,40701348,5526356,0,0,2112151886,1,1,0,0
1234561378,46,48167539,2,1747070,0,3984499,0,520346881,1,0,1,0
1234561663,24,21021728,2,21672390,0,2520966,0,573379496,1,0,1,0
1234561074,41,33286278,2,37663972,0,0,19128129,2578797484,1,0,0,1
1234561364,53,34161785,2,48343895,1691539,0,0,1748152556,1,1,0,0
1234561283,23,43882111,2,6787056,0,0,15236493,2997087995,1,0,0,1
1234561018,54,43866724,1,48704341,0,0,0,5818653422,1,0,0,0
1234561173,22,24954462,4,27449513,18523393,3618356,17459879,2296429403,1,1,1,1
1234561118,38,25224971,3,10940684,0,1300772,18259913,3167234528,1,0,1,1
1234561301,42,35294006,3,41025149,0,1867567,17872048,4214397920,1,0,1,1
1234561734,40,28021925,3,28064147,1185690,0,10551566,5243864799,1,1,0,1
1234561950,43,24610273,2,839285,0,4599868,0,3139790581,1,0,1,0
1234561278,42,14334906,3,38218121,18868272,2455589,0,5740003902,1,1,1,0
1234561591,38,31073103,2,3532790,0,0,13752223,5506857769,1,0,0,1
1234561834,33,18238800,2,35758921,19897407,0,0,5195024201,1,1,0,0
1234561862,42,35030392,4,29498887,12835830,4696639,10077843,864412883,1,1,1,1
1234561395,48,32274652,1,3486175,0,0,0,3760184772,1,0,0,0
1234561979,29,42226175,2,35896929,22728284,0,0,3538879764,1,1,0,0
1234561484,26,29210939,2,2596945,0,953845,0,1286015411,1,0,1,0
1234561084,42,37521643,4,32455828,3147039,4788358,12392333,2006613753,1,1,1,1
1234561261,27,48746215,2,2649300,0,3744941,0,1110719377,1,0,1,0
1234561634,29,25366037,2,21551884,1224257,0,0,5022525891,1,1,0,0
1234561091,35,41531416,2,27237765,0,0,10994477,5724426334,1,0,0,1
1234561540,53,46940821,3,30796489,17555918,0,18407610,3199675907,1,1,0,1
1234561577,27,19733282,2,49469358,0,4115424,0,4777026395,1,0,1,0
1234561649,36,29311777,1,3461685,0,0,0,2589704065,1,0,0,0
1234561277,42,17299557,2,38867106,0,4714628,0,2360617691,1,0,1,0
1234561619,42,36266090,2,26831355,7107390,0,0,4214878753,1,1,0,0
1234561729,50,35744639,2,10937805,0,0,16255798,3328204111,1,0,0,1
1234561620,23,28346817,2,43009396,0,1786493,0,5324460279,1,0,1,0
1234561417,34,26913741,1,10996951,0,0,0,833112783,1,0,0,0
1234561130,36,37597008,3,25319375,16666418,4458621,0,636727476,1,1,1,0
1234561284,52,25391196,2,13533438,21937091,0,0,3335757953,1,1,0,0
1234561039,37,12233361,3,5954560,24883008,1411962,0,5539786605,1,1,1,0
1234561146,30,21254430,3,49886673,1913691,0,14323351,2014588623,1,1,0,1
1234561308,53,23778277,4,41572340,22323573,1155185,13454094,4826172132,1,1,1,1
1234561889,24,46132914,3,46692734,28989930,0,17695198,3411371990,1,1,0,1
1234561449,29,13451161,3,8123119,3752010,4533966,0,4947525325,1,1,1,0
1234561094,45,23221234,2,37708813,5095932,0,0,2444320328,1,1,0,0
1234561023,24,23468042,2,18583358,5312109,0,0,2968919517,1,1,0,0
1234561915,24,29288527,1,40991825,0,0,0,4315248529,1,0,0,0
1234561920,29,30409295,3,22674215,23179537,0,13863650,969421258,1,1,0,1
1234561037,49,47104313,3,36630935,24392781,0,19519879,5377107283,1,1,0,1
1234561430,31,42034517,2,29872663,0,0,12333831,879580600,1,0,0,1
1234561466,28,44765923,1,35571014,0,0,0,3666207190,1,0,0,0
1234561907,52,21095213,3,46404092,0,4920429,13586567,5030130210,1,0,1,1
1234561296,46,19639816,2,16831197,0,2793857,0,4091156026,1,0,1,0
1234561277,32,43957222,2,24907306,0,0,18657920,5961967254,1,0,0,1
1234561156,40,19691608,1,10299563,0,0,0,5341227582,1,0,0,0
1234561700,32,49050535,1,16873258,0,0,0,2597065298,1,0,0,0
1234561948,39,41522280,2,33972477,0,0,19969481,2387300799,1,0,0,1
1234561743,41,45664355,2,10298672,0,0,15689547,3008016186,1,0,0,1
1234561341,53,24383959,4,43085483,1996167,2116526,11531934,3887164286,1,1,1,1
1234561553,54,10592984,4,36543575,4648091,3337125,16766351,4816374665,1,1,1,1
1234561005,36,34242683,3,47289477,0,4137510,17857964,5967226085,1,0,1,1
1234561201,52,16669536,2,48225074,17604787,0,0,481503778,1,1,0,0
1234561046,53,41926667,3,48543583,23898830,0,13662613,4748114337,1,1,0,1
1234561238,54,18798768,2,7762027,0,0,14278066,2794562264,1,0,0,1
1234561814,30,37988475,2,32762211,0,666806,0,3314921905,1,0,1,0
1234561924,47,34387199,1,44991149,0,0,0,4910550232,1,0,0,0
1234561324,29,20200698,2,49931029,0,1576875,0,2593636748,1,0,1,0
1234561693,51,31031307,3,14032832,1379538,0,11005965,5439718348,1,1,0,1
1234561224,33,10649455,2,16266513,0,2911093,0,3497983909,1,0,1,0
1234561467,24,16278375,1,3135438,0,0,0,5713470043,1,0,0,0
1234561297,40,15709256,3,11603155,0,1595186,10827150,3239763836,1,0,1,1
1234561115,45,26663358,2,38588772,0,0,12390219,2871208727,1,0,0,1
1234561094,45,38267591,3,8909631,14223092,632926,0,3536149584,1,1,1,0
1234561414,44,18733146,4,29410554,16852937,3191809,14999343,1860394463,1,1,1,1
1234561915,49,28199243,2,34363012,26787212,0,0,1079015818,1,1,0,0
1234561478,21,29904641,3,31971208,3576799,2125445,0,4640609108,1,1,1,0
1234561031,53,24366835,4,34531051,23166571,1674401,12648034,5810617872,1,1,1,1
1234561805,54,49604945,2,37037992,23728218,0,0,637564230,1,1,0,0
1234561064,54,15601586,3,11734327,16812905,1686223,0,2713303946,1,1,1,0
1234561540,50,25924117,4,2445602,16134748,2789431,14422457,2768998549,1,1,1,1
1234561981,51,25039052,1,14391126,0,0,0,1887563165,1,0,0,0
1234561616,39,30350535,2,42504735,0,1325811,0,3058085293,1,0,1,0
1234561632,23,38975111,1,31627871,0,0,0,5089603586,1,0,0,0
1234561227,40,33998399,2,10885623,0,0,16674633,1962851346,1,0,0,1
1234561194,28,26636705,2,17365770,0,1922030,0,3781617037,1,0,1,0
1234561770,26,22778350,3,3845704,8064714,0,11344036,2102998124,1,1,0,1
1234561998,44,38205295,2,34717836,0,0,15731777,5434564613,1,0,0,1
1234561769,32,18629694,3,33791461,9947849,639183,0,705212582,1,1,1,0
1234561509,21,25899782,2,16628447,2781252,0,0,5072027454,1,1,0,0
1234561114,51,33631363,3,14349746,0,3483275,11280776,4253689751,1,0,1,1
1234561086,35,14706275,1,21136669,0,0,0,3340717738,1,0,0,0
1234561024,23,39712397,3,5075607,11591781,0,11958630,3134853930,1,1,0,1
1234561037,55,49132004,3,41949996,16616826,1152169,0,2208578246,1,1,1,0
1234561678,28,36125700,4,9918421,6897675,1416975,16509603,4835220228,1,1,1,1
1234561270,31,26741942,3,9836909,7459221,1947303,0,4180199360,1,1,1,0
1234561209,23,46925617,2,17971354,0,3732360,0,1890203660,1,0,1,0
1234561424,45,17565781,3,6513769,20245653,0,18550294,1471539447,1,1,0,1
1234561101,25,27475283,3,19257955,22141223,2818448,0,1886601025,1,1,1,0
1234561958,39,16846369,3,38591533,0,3169112,19500303,4305921024,1,0,1,1
1234561185,39,33884336,2,46479857,0,0,17351879,2334815211,1,0,0,1
1234561415,29,18351806,2,23944160,0,2251035,0,5864379891,1,0,1,0
1234561304,39,40664363,3,28352186,15173318,0,14939455,1433042355,1,1,0,1
1234561121,43,46106620,4,45070273,25485943,635282,16183695,3791006457,1,1,1,1
1234561913,27,47979984,4,43062946,3953460,763804,10892954,3448266094,1,1,1,1
1234561523,55,14284771,4,17797993,19868946,4188414,14684445,5609965272,1,1,1,1
1234561605,51,45336675,3,30071518,0,1549291,17827031,3887689423,1,0,1,1
1234561187,48,19443212,2,40622119,0,0,14424218,2023017930,1,0,0,1
1234561146,46,45359888,3,14195924,17508704,0,12553265,1038043268,1,1,0,1
1234561113,50,27983563,1,13005131,0,0,0,2097679646,1,0,0,0
1234561102,55,12846441,3,27355435,0,1794820,13932562,5279790795,1,0,1,1
1234561730,39,49607302,1,44820800,0,0,0,2302800733,1,0,0,0
1234561472,42,44747583,2,6806346,0,0,18106286,5526433559,1,0,0,1
1234561165,46,27417392,3,43745534,14119829,1671304,0,1297780287,1,1,1,0
1234561125,30,14873933,2,33252342,0,0,15907067,4098340036,1,0,0,1
1234561281,40,18827100,3,6334928,9241525,0,11016884,1751455069,1,1,0,1
1234561964,35,13101340,3,26797394,29560247,0,15343882,2854035122,1,1,0,1
1234561402,34,22909496,4,47510708,26606146,1516813,13501116,1341855603,1,1,1,1
1234561376,45,45572610,2,40548760,0,0,19701436,2325492158,1,0,0,1
1234561605,25,24261932,2,31474546,22910482,0,0,1286382320,1,1,0,0
1234561735,21,12290867,3,44522491,26904167,0,15562603,5517573496,1,1,0,1
1234561784,33,32120509,2,21990316,1775860,0,0,4196359615,1,1,0,0
1234561605,22,32304257,3,27608085,0,4234503,12636763,3840652432,1,0,1,1
1234561793,25,14590405,4,1601196,12237555,1401063,16854270,3376104700,1,1,1,1
1234561526,26,25704066,2,7476360,0,0,19164868,4300174581,1,0,0,1
1234561038,25,35811335,2,7018910,3184943,0,0,3812808465,1,1,0,0
1234561860,36,39004849,3,48007152,0,1589346,13942650,4376960909,1,0,1,1
1234561795,23,22097951,2,2762527,0,0,17494388,2571820338,1,0,0,1
1234561034,33,38249536,3,48481771,0,2002930,13117308,3472289685,1,0,1,1
1234561623,24,33521511,3,32789684,0,4959014,15732583,513995505,1,0,1,1
1234561732,23,32524885,1,34726422,0,0,0,4250818163,1,0,0,0
1234561107,44,30514922,2,41664213,12996580,0,0,1688323590,1,1,0,0
1234561869,50,16500693,3,25388416,0,4580741,11708035,915676161,1,0,1,1
1234561124,43,41856728,3,33862322,0,569233,15083028,616537092,1,0,1,1
1234561867,41,49862160,2,21030639,0,534345,0,4488155106,1,0,1,0
1234561178,25,36119692,2,49924905,0,4115288,0,1791192096,1,0,1,0
1234561191,29,16201221,1,48761305,0,0,0,1754762973,1,0,0,0
1234561693,54,12607265,2,19545665,24298160,0,0,2218229741,1,1,0,0
1234561191,52,46025305,4,1425729,18316046,3688365,19875520,5939001227,1,1,1,1
1234561672,42,31131843,4,22574439,14289776,2480606,18566484,1903769731,1,1,1,1
1234561970,26,21128863,3,22124262,0,4931497,11459212,2308851754,1,0,1,1
1234561654,50,48453684,2,18522529,4388032,0,0,1734375785,1,1,0,0
1234561410,21,49367537,2,30431050,21202987,0,0,5581557010,1,1,0,0
1234561075,47,36544203,4,30871594,5512544,4886253,19844542,1944773437,1,1,1,1
1234561407,39,49578597,3,10713870,13589549,3383787,0,766419656,1,1,1,0
1234561402,35,44977340,2,22660528,0,0,17100151,1192685684,1,0,0,1
1234561283,44,16582750,1,47514773,0,0,0,591108806,1,0,0,0
1234561969,45,27030584,2,45555067,24541042,0,0,2229145934,1,1,0,0
1234561530,52,40071990,4,40087162,19651682,3890043,19894075,4964382011,1,1,1,1
1234561246,43,39907492,2,23072039,0,567422,0,2030197295,1,0,1,0
1234561661,24,35657642,2,9739574,11152494,0,0,2694844927,1,1,0,0
1234561520,41,44386434,2,42224942,4025769,0,0,498455080,1,1,0,0
1234561941,43,42926458,4,35730428,21699872,4655390,10777578,3310716055,1,1,1,1
1234561365,43,28489514,2,31751237,2320890,0,0,5830922216,1,1,0,0
1234561286,48,47946721,2,9474859,19920370,0,0,3362436582,1,1,0,0
1234561365,50,35136191,3,11248161,17983474,0,10319988,3100083127,1,1,0,1
1234561757,41,47153699,3,46126696,0,1204184,19749585,5988083579,1,0,1,1
1234561257,37,37080147,1,23321685,0,0,0,434530357,1,0,0,0
1234561502,22,37616901,3,1537447,1874451,0,16111468,348409754,1,1,0,1
1234561121,26,49248771,3,15941674,27789181,0,10366957,4126894259,1,1,0,1
1234561587,29,44603963,1,26280402,0,0,0,1578428518,1,0,0,0
1234561247,47,16552772,3,41451628,24371425,4909128,0,4332567494,1,1,1,0
1234561455,30,47828363,2,26235525,6223381,0,0,5460621118,1,1,0,0
1234561430,49,44987398,2,42865064,0,0,11987584,4862400306,1,0,0,1
1234561569,32,45404771,3,1114100,6665192,0,10784054,5989648069,1,1,0,1
1234561330,52,12051600,1,1279840,0,0,0,4857604655,1,0,0,0
1234561249,52,15907583,2,20205168,0,0,19319899,5780057454,1,0,0,1
1234561321,38,28656704,4,25653633,16507778,2716659,19652677,2697034072,1,1,1,1
1234561251,37,42434285,3,34447530,0,2165396,15663498,5258874579,1,0,1,1
1234561360,41,17515024,2,6122651,0,3418044,0,5921635464,1,0,1,0
1234561128,50,27571088,2,39567579,5483863,0,0,3471748088,1,1,0,0
1234561932,32,39528843,3,44562407,0,637766,11807472,3235741029,1,0,1,1
1234561234,39,26642688,3,8858980,24853662,0,15450069,2862966004,1,1,0,1
1234561425,52,39570785,3,11274199,29844169,0,16657315,3432611338,1,1,0,1
1234561583,26,28217901,2,31451222,0,3249009,0,795549896,1,0,1,0
1234561073,35,35089324,3,22710325,0,2265482,19227283,1961649258,1,0,1,1
1234561847,54,30063914,2,47252077,0,0,17484492,1383092058,1,0,0,1
1234561464,45,35940814,2,3740486,0,4932300,0,3620715468,1,0,1,0
1234561455,45,31818859,4,17571211,1751625,2733148,15802945,2036673404,1,1,1,1
1234561062,43,22110116,2,32355915,0,4979749,0,1586730399,1,0,1,0
1234561688,20,10930040,3,2120492,0,606153,12920360,1005033766,1,0,1,1
1234561040,44,12549080,3,17580729,4526464,0,19296789,2125611812,1,1,0,1
1234561766,37,18538677,4,34194117,1036638,2379170,13656356,2928251225,1,1,1,1
1234561806,42,14757295,2,12227820,0,1186180,0,3092865498,1,0,1,0
1234561223,27,18207616,3,14207178,3268764,671416,0,4002801004,1,1,1,0
1234561130,48,19515604,2,2234193,0,0,12782475,2906340261,1,0,0,1
1234561482,45,41066757,3,17476625,27480462,0,12057605,4594205443,1,1,0,1
1234561491,38,43951102,3,44875405,28013686,4086869,0,3250865646,1,1,1,0
1234561157,50,22900214,3,3293816,22024895,2358401,0,1667600401,1,1,1,0
1234561794,40,10480273,2,23102648,0,0,17137727,4823972998,1,0,0,1
1234561433,26,41332367,3,23265948,14708341,1790511,0,2827854483,1,1,1,0
1234561264,50,22290235,1,28933342,0,0,0,3616028865,1,0,0,0
1234561830,37,16504236,2,33156188,0,0,18217738,4075477389,1,0,0,1
1234561511,31,18106972,2,14083767,12709015,0,0,3223307783,1,1,0,0
1234561696,24,16803195,3,49849378,0,4764310,11741802,5659293700,1,0,1,1
1234561244,35,39857818,3,33027710,29206032,0,15478213,2498446101,1,1,0,1
1234561132,52,28899761,4,49866415,26465344,2890453,15117512,5233590239,1,1,1,1
1234561427,49,36965929,2,39426425,0,0,15385814,3797621513,1,0,0,1
1234561806,45,21913670,2,29954215,0,2313541,0,3798868575,1,0,1,0
1234561864,26,11846279,4,3057818,19115558,1132994,16442039,3397982266,1,1,1,1
1234561472,34,23557498,1,3964108,0,0,0,2716427347,1,0,0,0
1234561650,44,33828677,2,11279229,14426521,0,0,1653948194,1,1,0,0
1234561806,30,23453287,3,27012061,0,4424191,12539800,2109357087,1,0,1,1
1234561104,39,25377208,3,33931299,0,4746411,10276412,5009466333,1,0,1,1
1234561796,42,45935362,2,18915798,9275910,0,0,1869369979,1,1,0,0
1234561918,49,11039856,2,43981762,0,0,12180064,2016094857,1,0,0,1
1234561351,48,48549997,3,33469382,13485431,787842,0,4662428737,1,1,1,0
1234561387,39,14442454,4,15410149,1545084,2513883,13207301,2162742353,1,1,1,1
1234561087,26,33855971,2,14955553,29606695,0,0,664639852,1,1,0,0
1234561372,38,36471356,1,26892964,0,0,0,4172978232,1,0,0,0
1234561989,49,22200674,3,48068276,0,2555270,14146437,552811892,1,0,1,1
1234561386,32,35378662,2,42500154,0,1277568,0,5423744616,1,0,1,0
1234561761,21,33153954,3,32892167,0,4424210,11107484,5027045513,1,0,1,1
1234561087,38,20765449,3,26043662,24869114,0,11549499,5861935914,1,1,0,1
1234561937,44,22893259,1,46973028,0,0,0,5285141141,1,0,0,0
1234561806,32,16773021,2,4080147,0,2791013,0,426967576,1,0,1,0
1234561357,43,13424318,3,33245365,19057330,4619953,0,4865662415,1,1,1,0
1234561384,55,20255985,4,21867767,24089822,2536790,13336107,1568582298,1,1,1,1
1234561063,34,48699220,3,35890345,0,4120075,11164631,2108559533,1,0,1,1
1234561913,45,39911103,3,29156512,7779056,3262995,0,5699244379,1,1,1,0
1234561691,45,41409155,3,22400070,0,3048404,16062645,5814038534,1,0,1,1
1234561725,52,38241415,1,4094512,0,0,0,405569364,1,0,0,0
1234561654,54,27541857,3,18629263,27178310,1669967,0,1743263255,1,1,1,0
1234561158,33,36551027,4,36874712,22029032,1367688,15447697,3365849855,1,1,1,1
1234561278,52,38675793,2,8914037,0,0,17133763,3496327693,1,0,0,1
1234561463,50,23760467,4,30070042,8895434,925210,10636265,3226980224,1,1,1,1
1234561929,43,25039399,3,24686526,17778420,0,13871898,1902420651,1,1,0,1
1234561113,37,41255515,4,15419905,8097599,3204243,17525430,5574609354,1,1,1,1
1234561713,52,33512755,3,3261455,0,2191137,10447061,5665065148,1,0,1,1
1234561714,26,27176988,2,31596980,0,850104,0,1047934046,1,0,1,0
1234561442,24,10100974,4,48759348,15987905,3868620,18247033,4771994135,1,1,1,1
1234561735,43,19492393,2,7488576,0,0,15892845,3290264708,1,0,0,1
1234561462,20,32344609,2,16629835,0,0,12232382,970470358,1,0,0,1
1234561836,43,32623405,3,48815958,19782798,3382725,0,1078565020,1,1,1,0
1234561574,23,14149447,1,29996502,0,0,0,508329942,1,0,0,0
1234561015,21,21469589,3,29886057,27127482,0,16370542,1226977026,1,1,0,1
1234561768,46,37539130,4,1579258,26771226,2470555,16765339,4408147899,1,1,1,1
1234561283,45,16805554,2,49751932,29073183,0,0,3242266874,1,1,0,0
1234561243,28,10061086,3,49246267,0,3739729,18346252,1674468720,1,0,1,1
1234561142,54,27680402,4,12439750,3553690,3606373,10001595,5214803293,1,1,1,1
1234561803,52,34345119,3,6022581,0,1550990,19127143,5336378787,1,0,1,1
1234561962,51,23605180,4,22199045,4281704,1454571,12113741,1932452690,1,1,1,1
1234561626,35,20353078,3,44809714,22906643,1872932,0,1504252287,1,1,1,0
1234561828,51,42951354,2,5348984,0,0,12192672,2845405900,1,0,0,1
1234561192,35,22615128,2,40384177,0,0,17381412,5109096574,1,0,0,1
1234561157,29,25118629,2,13081632,0,4314264,0,3674133052,1,0,1,0
1234561849,41,24193615,2,43071470,0,1771353,0,2484404865,1,0,1,0
1234561130,53,17721797,1,43489609,0,0,0,1950632543,1,0,0,0
1234561051,55,20492573,2,6631716,0,2630586,0,5622252384,1,0,1,0
1234561912,35,17359318,3,4136340,3888629,2960284,0,319059525,1,1,1,0
1234561306,40,38785172,4,34899921,7060125,2291518,16349679,5760604919,1,1,1,1
1234561636,27,49986418,3,44019335,10740483,0,12253929,1483310843,1,1,0,1
1234561465,40,38090878,3,6497743,0,2010028,13720672,2022570957,1,0,1,1
1234561386,54,30249224,2,17031656,0,2574830,0,2244892783,1,0,1,0
1234561374,44,21939987,2,8604587,0,1227485,0,522837543,1,0,1,0
1234561506,49,38930485,1,17640774,0,0,0,890834400,1,0,0,0
1234561533,43,29861660,3,4110873,0,2496002,19195608,5589525641,1,0,1,1
1234561217,43,19006266,2,25774503,29459925,0,0,844894159,1,1,0,0
1234561657,36,45060974,2,16984507,0,0,12783899,5426971354,1,0,0,1
1234561782,49,18622732,2,32409374,0,0,10716835,5880821723,1,0,0,1
1234561512,50,32558975,3,5825551,25882557,0,19401813,3575958796,1,1,0,1
1234561227,29,38895562,3,42663790,0,4968315,15153401,3274331144,1,0,1,1
1234561143,36,11154853,1,20137184,0,0,0,5487117552,1,0,0,0
1234561942,39,36534449,2,46655178,0,1587419,0,5570533277,1,0,1,0
1234561815,53,13470357,3,30377816,0,3029086,19223694,3804446830,1,0,1,1
1234561052,31,24475401,2,31181926,19911493,0,0,563738079,1,1,0,0
1234561208,45,37035133,2,44795900,0,1618510,0,1935191788,1,0,1,0
1234561584,36,46885054,2,14047164,0,0,17428612,1650770452,1,0,0,1
1234561112,27,10577183,3,34236563,5070223,4660738,0,2915115924,1,1,1,0
1234561204,52,14245724,4,17954600,21220833,1045417,18584663,3861197851,1,1,1,1
1234561650,23,36240863,1,43054885,0,0,0,2655971394,1,0,0,0
1234561559,49,19722374,1,17834275,0,0,0,1387415671,1,0,0,0
1234561206,50,41167013,3,42658034,13351193,4642704,0,1169455574,1,1,1,0
1234561458,33,11556327,2,47657401,23306439,0,0,1214636347,1,1,0,0
1234561996,29,30051626,4,34069964,28092271,3807448,17837174,451612772,1,1,1,1
1234561240,34,46644325,2,34442856,0,0,16672872,3218862633,1,0,0,1
1234561707,34,37638129,2,37083013,6465389,0,0,1603069475,1,1,0,0
1234561963,34,27560820,4,21827596,14434051,3569367,11691747,4825899559,1,1,1,1
1234561682,40,14629356,2,28679379,24772488,0,0,3432351916,1,1,0,0
1234561719,21,30578477,2,37723800,0,0,11140812,3020606442,1,0,0,1
1234561123,47,47982049,4,5282227,29986125,1851795,16460874,2411384573,1,1,1,1
1234561742,54,23133144,2,2016342,0,1999407,0,5102798523,1,0,1,0
1234561257,32,22945842,2,16715030,0,0,15330682,1951990720,1,0,0,1
1234561448,53,27224179,3,16728187,0,1689224,14497888,3215945185,1,0,1,1
1234561109,49,17333635,2,31313697,4717035,0,0,3009073181,1,1,0,0
1234561283,39,13271967,2,44043502,21902965,0,0,347849250,1,1,0,0
1234561529,26,45311091,4,16292146,8336484,4893242,18359207,3628003915,1,1,1,1
1234561809,21,27999316,1,42525057,0,0,0,2781963143,1,0,0,0
1234561913,42,13244468,1,15694954,0,0,0,2492911400,1,0,0,0
1234561687,30,48363512,3,21610993,0,4425275,17361008,4234640162,1,0,1,1
1234561511,50,39630227,3,23108861,28293137,3638329,0,1933698736,1,1,1,0
1234561560,34,31246271,4,14533969,26069808,4358678,15810349,5217777157,1,1,1,1
1234561139,39,46961139,2,13378477,0,4084714,0,3274179042,1,0,1,0
1234561829,32,15339189,2,23346358,0,2953910,0,2683375848,1,0,1,0
1234561034,25,16415590,2,42304742,0,0,10287774,3531784276,1,0,0,1
1234561803,48,29037729,2,39338204,0,0,15382000,1556451597,1,0,0,1
1234561666,30,33431022,3,22244469,11438129,974289,0,710197936,1,1,1,0
1234561405,34,43660569,2,49017423,25572125,0,0,2627098147,1,1,0,0
1234561552,23,15193270,2,23859863,16134540,0,0,4547322743,1,1,0,0
1234561592,36,30222404,3,31772057,5701556,1913016,0,4333290442,1,1,1,0
1234561664,27,18066556,2,45012254,6456649,0,0,1307235801,1,1,0,0
1234561123,39,19281047,3,14844178,19903960,653487,0,3926086005,1,1,1,0
1234561597,42,16957790,2,12578275,1930736,0,0,4734066168,1,1,0,0
1234561754,21,43554762,3,47153900,0,2013222,15787436,3688235498,1,0,1,1
1234561213,44,21436977,2,44478702,19528922,0,0,2494152191,1,1,0,0
1234561528,36,20384190,4,17227402,15474352,2186555,16872487,3802092399,1,1,1,1
1234561349,28,15291047,2,25213572,0,3390105,0,3656827693,1,0,1,0
1234561667,31,31637147,2,41228676,0,4941617,0,332162200,1,0,1,0
1234561350,21,46215366,2,24794291,0,0,12883732,2006710133,1,0,0,1
1234561775,52,20585758,2,26251279,4368881,0,0,3443191475,1,1,0,0
1234561678,26,49986226,3,38640334,17985798,0,17673862,3833465054,1,1,0,1
1234561161,49,21380396,2,35435876,0,0,14554082,863559625,1,0,0,1
1234561001,26,47491141,3,37304697,0,3049704,12526557,1509210759,1,0,1,1
1234561155,43,34120377,3,36011134,15112557,0,13734210,5002266668,1,1,0,1
1234561532,53,43908307,2,21727045,18576166,0,0,5796149683,1,1,0,0
1234561860,25,13766301,3,29911232,6115452,0,18511521,1660332132,1,1,0,1
1234561080,54,34523056,3,559043,0,3422019,17338522,2368434759,1,0,1,1
1234561409,35,10685166,2,32649842,0,0,15862863,1421655508,1,0,0,1
1234561712,38,28628218,2,13497195,0,4908857,0,1069022356,1,0,1,0
1234561935,20,39532731,1,23901616,0,0,0,1087275644,1,0,0,0
1234561899,55,24650843,3,31573530,3016057,3239846,0,3993781507,1,1,1,0
1234561395,22,12185786,3,25229651,0,2809455,11130125,1581490330,1,0,1,1
1234561375,34,12241686,2,33004976,0,3741649,0,934780089,1,0,1,0
1234561449,29,26557524,4,13384426,26974397,3945038,16791976,4237377643,1,1,1,1
1234561283,28,19271635,4,22165344,16740961,1677241,13496744,5631120202,1,1,1,1
1234561187,44,26116254,2,36614756,0,0,18224137,1255466025,1,0,0,1
1234561035,32,40285216,3,42277016,0,1344654,14958212,692749388,1,0,1,1
1234561348,42,28303209,2,43716478,0,1544971,0,1019190790,1,0,1,0
1234561956,55,39218935,3,5684553,14237706,773330,0,4014019560,1,1,1,0
1234561597,40,46527712,2,6969597,0,0,18184646,4124019389,1,0,0,1
1234561030,27,43190810,2,7359430,0,1700184,0,5886578516,1,0,1,0
1234561383,30,34670173,4,44489560,10107682,510907,12891971,5062550422,1,1,1,1
1234561540,45,18953927,3,29065469,0,1540089,18704118,1591457105,1,0,1,1
1234561604,26,15351954,4,35759064,11291582,3478078,15733788,1513124345,1,1,1,1
1234561350,53,32509969,2,37987834,27162538,0,0,5141916455,1,1,0,0
1234561763,32,24814523,2,17827159,0,2077144,0,3325305293,1,0,1,0
1234561735,40,47349241,2,13158918,0,0,15963358,5152412837,1,0,0,1
1234561874,38,41487635,2,22583207,0,653173,0,4302544322,1,0,1,0
1234561244,45,11352456,2,47285946,0,0,16123527,4556989728,1,0,0,1
1234561535,24,31589977,3,44794265,0,3897367,13676008,2576931054,1,0,1,1
1234561734,39,28256724,3,10311199,29266144,4415828,0,5904860973,1,1,1,0
1234561817,36,39055316,2,38827145,0,0,10224456,3050672116,1,0,0,1
1234561519,48,45553896,3,11168213,0,2615091,13205825,2085962162,1,0,1,1
1234561281,54,23057002,1,16923007,0,0,0,5209037349,1,0,0,0
1234561248,37,44939108,1,20530368,0,0,0,801188673,1,0,0,0
1234561702,21,25242023,3,4207361,19607969,0,15160055,2941054406,1,1,0,1
1234561453,34,44095614,4,6740309,17754471,1355854,18512375,476072971,1,1,1,1
1234561347,36,49649876,2,18902095,0,2829152,0,4448259451,1,0,1,0
1234561393,42,28453615,2,32891809,0,3607066,0,3080900778,1,0,1,0
1234561007,44,34557124,2,26840462,20730335,0,0,1857069424,1,1,0,0
1234561955,35,12079141,2,4873966,16078380,0,0,5043371821,1,1,0,0